{"id":"978-0641723445","cat":"book","name":"The Lightning Thief","author":"Rick Riordan","series_t":"Percy Jackson and the Olympians","sequence_i":1,"genre_s":"fantasy","inStock":true,"price":12.50,"pages_i":384}
{"id":"978-1423103349","cat":"paperback","name":"The Sea of Monsters","author":"Rick Riordan","series_t":"Percy Jackson and the Olympians","sequence_i":2,"genre_s":"fantasy","inStock":true,"price":6.49,"pages_i":304}
{"id":"978-1857995879","cat":"paperback","name":"Sophie's World : The Greek Philosophers","author":"Jostein Gaarder","sequence_i":1,"genre_s":"fantasy","inStock":true,"price":3.07,"pages_i":64}
{"id":"978-1923988177","cat":"paperback","name":"Lucene in Action, Second Edition","author":"Michael McCandless","sequence_i":1,"genre_s":"IT","inStock":true,"price":30.50,"pages_i":475}
{"id":"978-1933988077","cat":"paperback","name":"Lucene in Action, Second Edition","author":"Michael McCandless","sequence_i":1,"genre_s":"IT","inStock":true,"price":30.50,"pages_i":475}
{"id":"968-1933988177","cat":"paperback","name":"Lucene in Action, Second Edition","author":"Michael McCandless","sequence_i":1,"genre_s":"IT","inStock":true,"price":30.50,"pages_i":300}
{"id":"978-2933988077","cat":"paperback","name":"Lucene in Action, Second Edition","author":"Michael McCandless","sequence_i":1,"genre_s":"IT","inStock":true,"price":30.50,"pages_i":475}
